4716408099046978,2021-12-20 09:13:00,56,5,22,【2021第十届#中国上市公司高峰论坛#】当前，新一轮科技革命和产业变革正在深刻改变经济格局和人类生活，在新冠肺炎疫情仍在全球蔓延的背景下，更需要科技界、产业界深化合作，协力推动构建人类命运共同体，为全人类共同面对的重大问题探讨科技解决方案。科技创新，构建高水平开放体系，打造可持续内生动力，是新时期培育经济发展新动能的需要。2021第十届中国上市公司高峰论坛主论坛将以“科技创新 绿色发展”为主题，邀请众多国内顶尖经济学者、知名企业家、上市公司董事长等，以新的视角，围绕科技创新、高水平开放、碳中和等话题献上一场顶级智慧碰撞。 每日经济新闻的微博直播
4716626118707180,2021-12-20 23:39:20,13,3,7,【你发现了吗？#2022年春节没有年三十#】春节不远了，不少人发现，2022除夕不是年三十。天文专家介绍，这主要与“朔望月”有关，月亮圆缺变化一周称为一个朔望月，一个周期平均为29.5天。恰逢2022年腊月是小月，便没有了年三十。专家表示，只要正月初一还在，前一晚都是除夕。（荔枝新闻；阿法）荔枝新闻的微博视频
4716620159911675,2021-12-20 23:15:39,7,1,5,#每经整点播#【每经23点 | 中植企业集团刘洋发公开信】12月20日，中植企业集团刘洋发公开信称，集团战略不变，下一步，集团将继续按照解直锟先生确定的发展战略，坚持实业与资管双轮驱动，进一步突出发展实体产业，做强做优资产管理，发挥综合经营优势，实现高质量发展，更好地服务国家、回馈社会。集团坚持遵纪守法、合规运营。在发展过程中始终重视落实监管要求，提升法律合规意识，不断加强合规风控管理及制度建设。集团与专业研究机构、行业专家、监管机构、著名高校等均保持良好的合作，为业务发展提供综合全面的研究及专家资源支撑，从而更好地把握趋势，有效控制风险。（中植企业集团微信号；阿法）更多>>每经23点|中植企业集团刘洋发公开信；中国电信计划1月择机推动5G消息商用；道指跌超600点，热门中概股多数下跌 每经23点 | 中植企业集团刘洋发公开信
4716617857240145,2021-12-20 23:06:30,15,1,7,【缓解“停车难”！#上海机关单位车位将错时对外开放#】 近日，上海市一批政府机关、事业单位率先打开大门，将内部停车资源错时对外开放，缓解周边居民“停车难”的问题。截至目前，上海仅市区两级机关事业单位和所属国有企业，就提供了近2400个错峰共享停车位。（央视财经；阿法）央视财经的微博视频
4716613482320226,2021-12-20 22:49:07,13,6,8,#节日期间严控庙会大型文艺演出等活动#【国务院联防联控机制：节日期间严控庙会、大型文艺演出、展销促销等活动】元旦、春节将至，人口流动激增，如何做好节日期间疫情防控成了社会各界关注的焦点。12月20日，国务院联防联控机制发布《2022年元旦春节期间新冠肺炎疫情防控工作方案》（以下简称《工作方案》）。《工作方案》提出，要坚持“外防输入、内防反弹”总策略，坚持常态化防控和应急处置相结合，坚持科学精准从严从紧做好疫情防控，最大限度减少对人民群众生产生活的影响，确保群众度过健康平安的节日。《工作方案》提出，严格控制聚集性活动。按照非必要不举办的原则，严控庙会、大型文艺演出、展销促销等活动，减少农村集市规模和频次，控制人流量，落实通风消毒等防控措施。举办会议、聚会等活动应当控制人数，尽量举办线上会议或视频会议，50人以上活动应制定防控方案，严格落实各项防控措施。详情>>国务院联防联控机制：节日期间严控庙会、大型文艺演出、展销促销等活动 (每日经济新闻；阿法)
4716609337823690,2021-12-20 22:32:39,12,2,3,#电信5G消息有望在春节前迎来商用#【中国电信计划1月择机推动5G消息商用 方案正在制定中】电信5G消息有望在春节前迎来商用。12月20日，在2021中国增值电信及虚拟运营商高峰论坛——5G融合通信趋势下的技术创新会上，中国电信方面人士透露：“计划在1月份择机（选个时间点）推动5G消息的商用，目前正在制定方案的过程中。” (澎湃新闻；阿法)
4716608209289986,2021-12-20 22:28:10,13,2,2,【#美国一邮轮48人新冠检测阳性#】当地时间12月20日，据美国有线电视新闻网报道，皇家加勒比游轮公司表示，上周末停靠在美国迈阿密的世界上最大邮轮“海洋交响号”（The Symphony of the Seas）上至少有48人的新冠病毒检测结果呈阳性。皇家加勒比游轮公司在一份声明中表示，该邮轮载有6000多名乘客和船员，其中一名客人在航行期间新冠病毒检测结果呈阳性，在追踪接触者后发现了后续病例。船上95%的人都已接种了新冠疫苗。在新冠病毒检测结果呈阳性的人中，98%的人都接种了新冠疫苗。目前尚不清楚确诊病例是否感染了奥密克戎毒株。声明中还指出，所有新冠病毒检测结果呈阳性的人都没有症状或症状较轻，并很快进入了隔离。（央视新闻；阿法）
4716592502672677,2021-12-20 21:25:45,39,1,5,【#中国空间站即将迎来首个冬至#  网友：和天宫空间站一起过冬至】2021年12月21日是冬至，不少人可能因为工作等原因无法与家人在这一天团圆，同样因公在身出差在外太空的“三人组”也只能在天空遥望地球的家园，而这个冬至是他们、也是中国天宫空间站的第一个冬至。在今天，由南京、烟台、北京、西安四地的天文爱好者们共同发起了一场”打卡最亮中国星——多地直播空间站“过境的直播活动，不少网友表示：今年的冬至，可以和天宫空间站一起过，无论身在何处，都不会感到孤单。#四地星空爱好者直播天宫空间站过境#（扬子晚报；阿法）扬子晚报的微博视频
4716588965826798,2021-12-20 21:11:42,12,1,11,#每经整点播#【每经21点丨我国公司法修改涉及国家出资公司、公司登记制度等内容】《中华人民共和国公司法（修订草案）》20日提请十三届全国人大常委会第三十二次会议审议。主要修改内容包括坚持党对国有企业的领导，完善国家出资公司特别规定，完善公司设立、退出制度，优化公司组织机构设置，完善公司资本制度，强化控股股东和经营管理人员的责任，加强公司社会责任等。（新华社；阿法）更多>>每经21点丨我国公司法修改涉及国家出资公司、公司登记制度等内容；人民锐评：薇娅偷逃税被罚13.41亿元，一点也不冤！ 每经21点丨我国公司法修改涉及国家出资公司、公司登记制度等内容
4716585845528468,2021-12-20 20:59:18,4,1,1,#中国上市公司高峰论坛#【成都传媒集团董事长母涛：建设新型智媒体集团，为上市公司提供强大的传播力支撑】今日（12月20日），由中国上市公司协会、中国经济改革发展研究基金会、成都传媒集团作为指导单位，每日经济新闻主办的2021第十届中国上市公司高峰论坛周正式拉开序幕，论坛周以“科技创新 绿色发展”为主题在线上举办。今日上午，高峰论坛周开幕论坛举行，成都传媒集团党委书记、董事长，博瑞传播（600880.SH）董事长母涛通过视频致辞。母涛表示：“成都传媒集团下属每日经济新闻主办的中国上市公司高峰论坛，已来到第十个年头。十年来共有2000余家上市公司、与会嘉宾超过600位。论坛发出的声音，通过成都传媒集团媒体矩阵全网全球传播，触及全球2.6亿用户，全网传播量超30亿人次，影响投资者2亿多人，成为驱动中国经济增长的重要力量。”详情>>成都传媒集团董事长母涛：建设新型智媒体集团，为上市公司提供强大的传播力支撑 (每日经济新闻；阿法)
4716583937902881,2021-12-20 20:51:43,65,17,16,【阿富汗松子运抵上海被抢购冲上热搜   #赵立坚带货阿富汗松子#】 近期大批阿富汗松子通过“松子空中走廊”运抵上海，拉开了中阿两国农产品贸易逐步恢复的序幕。阿富汗松子深受国内消费者青睐，立刻掀起抢购热潮，一度冲上热搜。对此，外交部发言人赵立坚表示，阿富汗松子儿品质出众，远近闻名，年产量约2万吨，年出口额可达8亿美元，带动当地10多万人就业，是阿富汗财政收入重要来源，更是很多阿富汗农户的唯一收入来源。“小小的松子关乎成千上万阿富汗民众的生计。”赵立坚说，截至目前已有1170吨松子搭载26架松子包机来到中国，为阿富汗民众创收1亿多元人民币，约合1600多万美元。（海客新闻）海客新闻的微博视频
4716582544605516,2021-12-20 20:46:10,21,7,7,【触目惊心！#委内瑞拉一湖泊因污染变成绿色#】委内瑞拉是世界主要产油国之一，位于该国西北部的马拉开波湖地区是其主要的石油产区。当地居民早已习惯了马拉开波湖的“黑暗水域”，湖泊因为严重的石油污染而呈黑色。但无节制的排放仍未停止，日益恶化的污染改变了湖泊的颜色，湖面上布满了绿藻，将“黑水”又染成了绿色。（看看新闻；阿法）看看新闻KNEWS的微博视频
4716576668128190,2021-12-20 20:22:50,46,0,12,【#我国拟禁止在泥炭沼泽湿地开采泥炭#】湿地被喻为“地球之肾”，与森林、海洋并称为全球三大生态系统。20日提请全国人大常委会会议三审的湿地保护法草案，进一步加强湿地保护力度，拟明确禁止在泥炭沼泽湿地开采泥炭。专家表示，作为湿地资源的重要组成部分，泥炭沼泽是陆地生态系统中的重要碳库，单位面积碳储量在各类陆地生态系统中最高，在调节区域环境等方面具有重要作用。保护泥炭沼泽，是我国应对全球气候变化、实现“双碳”目标的重大举措。考虑到泥炭沼泽湿地对生态环境极为重要和特殊，草案三审稿明确禁止在泥炭沼泽湿地开采泥炭，并加大对开采泥炭违法行为的处罚力度。（新华社；阿法）
4716572751697243,2021-12-20 20:07:16,71,15,10,【#李冰冰工作室回应视频被举报#：系侮辱诽谤】12月20日傍晚，李冰冰工作室官方微博发布一份声明回应“网传艺人李冰冰所发布视频被举报成功”一事，声明称，有主体涉嫌恶意举报李冰冰在某平台发布的视频。声明称，该工作室已经对侮辱诽谤李冰冰的涉嫌侵权行为进行取证，后续将通过法律手段追究相关主体的法律责任。该声明称，相关视频为某平台官方拍摄剪辑制作，皆通过平台预先审核，确认无违规信息后由李冰冰本人发布。该两段视频目前在某平台依旧可见，可正常播放，以此可证其所有视频符合平台规范。（澎湃新闻；嘉玛）
4716570183993986,2021-12-20 19:57:04,25,3,9,#上海全域为低风险地区#【明起上海中风险地区清零，全域为低风险地区】据“上海发布”微信公众号，上海市疫情防控工作领导小组办公室最新发布，根据国务院联防联控机制有关要求，经市防控办研究决定，自2021年12月21日零时起，将浦东新区张江镇张东路2281弄玉兰香苑四期小区由中风险地区调整为低风险地区。自2021年12月21日零时起，全市均为低风险地区。上海市将继续坚持主动防控、科学防控、精准防控，持续落实落细常态化疫情防控各项措施，毫不放松抓好“外防输入、内防反弹”工作，全力保障人民生命安全和身体健康，全力守护上海城市安全。（上海发布；阿法）
4716565519404087,2021-12-20 19:38:32,50,16,15,【侠客岛评网络主播偷逃税】收入不断膨胀的网络主播，长期处于税收“灰色地带”。这些“过高收入群体”的存在本身就造成了社会贫富差距过大，再加上他们偷逃税，更是加剧了社会不公。如果任由这些人钱赚得多、税交得少，社会公平何在？税务部门加大对明星、网红的税收征管力度，是调节过高收入群体，也是促进社会公平和共同富裕的必要手段。促进新经济新业态在发展中规范、在规范中发展 法律亮剑既不会“微”也不会“哑” 。（侠客岛；阿法）侠客岛的微博视频
4716560650602554,2021-12-20 19:19:11,22,6,7,【#中国古都城市国际影响力排名成都第三#】12月18日，在中国文物交流中心庆祝成立50周年之际，由中国文物交流中心指导、文物交流智库编撰的《2020年度中国古都城市国际影响力评估报告》（以下简称《报告》）正式发布。本次评估继续聚焦古都城市最具特征的城市历史、文物资源、文化资源等领域对我国古都城市的关注情况，其中，2020古都城市国际影响力总体状况排名中，成都以77.88的指数分数占据第三。 （云上新视听就成都新闻；阿法）云上就成都的微博视频
4716558192217004,2021-12-20 19:09:25,7,2,3,#每经整点播#【每经19点| 国家能源集团：推进煤电机组“三改联动”】1、国家能源集团16日召开氢能产业发展专题会。集团公司党组副书记、总经理刘国跃，要深入研究氢能助力集团公司低碳转型的路径。要在已有的科研成果和发展基础上，把握氢能产业发展脉络，选择好技术路线，稳步开展工程科技示范，扎实稳妥布局项目。要推进煤电机组“三改联动”，推进新能源发电与电解水制氢耦合发展，推进燃煤机组掺烧液氨探索综合减污降碳，推进新能源制氢与现代煤化工耦合发展，推进煤炭生产运输及辅助环节的氢基新能源替代，更好地发挥氢能在传统化石能源和可再生能源、新能源的耦合作用。（证券时报）2、#人民日报评薇娅被罚# 人民日报评论称，薇娅是颇具社会影响力的“头部主播”。遗憾的是，在依法履行公民纳税义务上，她没有作出应有示范。要知道，流量面前，法律不会打折；法律面前，流量不能放纵。不管是谁，都别揣着侥幸走钢丝！今年以来，一些“头部网红”被法槌重击，也警示网络直播从业者，法律红线不能碰。国家推出多项优惠政策支持新业态的发展，但这些税费优惠政策不是可以随意钻的空子。“头部主播”要带头知法、懂法、尊法、守法，否则，走歪走偏，再难回头。请始终牢记：促进新经济新业态在发展中规范、在规范中发展，法律亮剑既不会“微”也不会“哑”！（人民日报）详情>>每经19点|薇娅丈夫董海锋发布致歉信；国家能源集团：推进煤电机组“三改联动”；市场船多货少，沿海煤炭运价继续下跌 (每日经济新闻；阿法) 每经19点| 国家能源集团：推进煤电机组“三改联动”
4716545798047904,2021-12-20 18:20:09,10,0,1,#中国上市公司高峰论坛# 【2021第十届中国上市公司高峰论坛周首日丨圆桌对话大咖观点：优质锂电产能仍然稀缺 明年将是光伏大年】2021年12月20日，由每日经济新闻主办的2021第十届中国上市公司高峰论坛周拉开序幕，本次论坛周以“科技创新 绿色发展”为主题。在12月20日的高峰论坛周开幕论坛圆桌对话环节，厦钨新能（688778，SH）董秘陈康晟，富临精工（300432，SZ）副董事长、董秘李鹏程，江铃汽车（000550，SZ）董秘兼副总裁许兰锋，上能电气（300827，SZ）董事、财务总监、董秘陈运萍，智光电气（002169，SZ）董事、董秘曹承锋，围绕“硬科技+新能源 助力绿色发展”的主题，聚焦于新能源和汽车高端零部件的制造领域，共同展望新能源产业的发展，带来了一场知识与智慧的思想盛宴。详情>>2021第十届中国上市公司高峰论坛周首日丨圆桌对话大咖观点：优质锂电产能仍然稀缺 明年将是光伏大年 (每日经济新闻；阿法)
4716543134927957,2021-12-20 18:09:35,5,0,2,2021#中国上市公司高峰论坛#周寻找隐形冠军，拥抱时代机遇12月21日9:30-12:00🚩 2021中国专精特新企业发展论坛与您云端相约！NBD视频的微博视频 
4716543026662976,2021-12-20 18:09:09,5,0,1,2021第十届#中国上市公司高峰论坛#周首日全网浏览2500万+大咖观点全集 
4716541997746283,2021-12-20 18:05:04,26,4,7,今天，科技创新早已经是经济发展的关键动力源。依靠科技创新，我们产生更多灵感，摆脱低效与繁琐，拥抱更加便捷、高效的生活。越来越多的科技企业，也开始行动起来。如@惠普打印 通过产品和服务，助力很多创新想法落地。最近惠普推出的微电影《李响的土豆》，就讲述了一个返乡创业的研究生，结合当地情况，运用惠普打印机创造出一本“土豆日历”，最终通过科技新思路提高了家乡生产力的故事。在更多的地方，惠普都致力于科技兴农、促进数字公平、创新科技改变产业模式，让更多人#印出美好未来#。戳视频，评论区留言分享你身边科技让生活更美好的故事网页链接惠普打印的微博视频
4716541537685538,2021-12-20 18:03:14,2,1,2,#中国上市公司高峰论坛# 【资本市场年度盛会来了！2021第十届中国上市公司高峰论坛周今日云端启幕】今日（12月20日），由中国上市公司协会、中国经济改革发展研究基金会、成都传媒集团作为指导单位，每日经济新闻主办的2021第十届中国上市公司高峰论坛周正式拉开序幕。论坛周以“科技创新 绿色发展”为主题在线上举办，今日上午，高峰论坛周开幕论坛举行。中国上市公司高峰论坛已是中国资本市场上顶级的论坛之一。参与历届峰会的上市公司达到2000余家，嘉宾超过600位，影响的上市公司4000余家，影响投资者2亿多人，全网关注曝光30亿+。虽然今年在线上举办，但仍有超200位重磅嘉宾参与，与会企业上千家。据介绍，本届高峰论坛周共有九大活动，议题紧密贴合当下经济形势和资本市场热点事件，话题设置极具前瞻性，为大家奉献一场又一场智慧的饕餮盛宴。详情>>资本市场年度盛会来了！2021第十届中国上市公司高峰论坛周今日云端启幕 (每日经济新闻；阿法)
4716537884444603,2021-12-20 17:48:43,50,5,6,【#发往杭州绍兴的快递箱内被塞口罩# 箱内附言：浙江加油，我们能赢！】#浙江疫情防控中的温暖一幕# 近日，不少杭州、绍兴的网友发现收到的天猫超市快递箱内，被放进了一袋kn95口罩，装箱单上还附言：浙江加油，我们能赢！据悉，目前，浙江省特别是绍兴市疫情防控取得了积极成效，形势不断向好。封面新闻的微博视频
4716536957504097,2021-12-20 17:45:02,9,0,1,2021第十届#中国上市公司高峰论坛#周聚焦“科技创新 绿色发展”主论坛·下午场，观点集锦大咖云集  五日联播精彩明天继续！ 
4716535962931167,2021-12-20 17:41:05,56,24,7,#薇娅事业群告知员工先行回家休息#【薇娅事业群告知员工：“先行回家休息” “期间工资照发”  】#薇娅彩妆节直播已取消# 今日，网络主播黄薇（网名：薇娅）因偷逃税被处罚，处罚决定追缴税款、加收滞纳金并处罚款共计13.41亿元。当天下午，薇娅事业部信息通知群（180人）截图流出，薇娅经纪人王斯（古默）发言表示，“接下来请大家先行回家休息，在此期间工资照发”。一位接近薇娅事业部的行业人士告诉《每日经济新闻》记者，此图片消息属实，后续将就此发布公告。记者就此消息求证薇娅经纪人王斯，截止发稿未收到回复。此前，根据中新网消息，今晚原计划7点进行的“薇娅彩妆节”直播已取消。	#薇娅偷逃税被追缴并处罚款13.41亿元#（每日经济新闻；阿法）薇娅事业部通知员工：“先行回家休息” “期间工资照发”
4716531667702154,2021-12-20 17:24:01,54,30,8,#薇娅发布致歉信#【#薇娅微博发布致歉信#】薇娅微博发布致歉信：完全接受税务部门依法作出的处罚决定，并将积极筹措资金在规定时间内完成补缴税款、滞纳金和罚款。（每日经济新闻；阿法） 
4716530518459778,2021-12-20 17:19:27,25574,1336,658,#人民日报评薇娅被罚#【人民日报：促进新经济新业态在发展中规范、在规范中发展 法律亮剑既不会“微”也不会“哑”】 #薇娅偷逃税被追缴并处罚款13.41亿元# 人民日报评论称，薇娅是颇具社会影响力的“头部主播”。遗憾的是，在依法履行公民纳税义务上，她没有作出应有示范。要知道，流量面前，法律不会打折；法律面前，流量不能放纵。不管是谁，都别揣着侥幸走钢丝！今年以来，一些“头部网红”被法槌重击，也警示网络直播从业者，法律红线不能碰。国家推出多项优惠政策支持新业态的发展，但这些税费优惠政策不是可以随意钻的空子。“头部主播”要带头知法、懂法、尊法、守法，否则，走歪走偏，再难回头。请始终牢记：促进新经济新业态在发展中规范、在规范中发展，法律亮剑既不会“微”也不会“哑”！（人民日报）#薇娅全网被封# 海客新闻的微博视频
4716526394934180,2021-12-20 17:03:04,37,7,6,【#北京市网信办约谈处罚知乎网#】近日，国家互联网信息办公室指导北京市互联网信息办公室依法约谈知乎网负责人，针对知乎网多次出现法律法规禁止发布或者传输的信息等问题，依据《中华人民共和国网络安全法》，责令其立即整改，严肃处理相关责任人。北京市互联网信息办公室对知乎网违法行为进行行政处罚立案。知乎网负责人表示，将深刻吸取教训，严格落实各项整改要求，在整改期间自行暂停相关功能。北京市互联网信息办公室有关负责人强调，网站平台应当切实履行主体责任，健全网络信息安全管理制度，不得为违法违规信息提供传播平台。北京市互联网信息办公室将进一步督促相关网站平台加强内部管理，依法依规开展服务，维护清朗网络空间。（每日经济新闻；阿法）
4716523673357171,2021-12-20 16:52:15,94,23,20,【#薇娅夫妇合伙企业注销#】#薇娅偷逃税被追缴并处罚款13.41亿元#近日，杭州谦壹企业管理合伙企业（有限合伙）发生工商变更，企业状态从存续变更为注销，注销原因为决议解散。该企业成立于2020年11月，执行事务合伙人为董海锋，经营范围含企业管理咨询；企业管理，合伙人包括黄薇（薇娅）、董海锋（薇娅丈夫）、黄韬（薇娅弟弟）等。（消息来源：中国新闻网；阿法） NBD视频的微博视频
4716523296135011,2021-12-20 16:50:45,84,26,19,【#上千名网络主播主动自查补缴税款#】#薇娅偷逃税被追缴并处罚款13.41亿元#，据新华社报道，在规范监管的同时，税务部门对网络直播等新业态从业人员给予了包容性的自查整改期。今年9月，国家税务总局专门印发通知，明确网络主播2021年底前能够主动报告并及时纠正涉税问题的，可以依法从轻、减轻或免予处罚。据了解，已有上千人主动自查补缴税款。税务总局同时明确，对自查整改不彻底、拒不配合或情节严重的依法严肃查处。（新华社，希隆）
4716521908081153,2021-12-20 16:45:14,52,12,24,【#智利产生史上最年轻总统年仅35岁#】截至目前，智利总统选举12月19日的第二轮投票计票工作已经接近完成，35岁的左翼政党联盟“赞成尊严”候选人加夫列尔·博里奇获得半数以上选票，打败竞选对手、右翼政党联盟“基督教社会阵线”候选人何塞·安东尼奥·卡斯特，赢得本届总统大选。根据智利总统选举流程，博里奇确认当选后，将于明年3月11日正式就职。届时，35岁的博里奇将成为智利史上最年轻的总统。（看看新闻；嘉玛）看看新闻KNEWS的微博视频
4716521127411773,2021-12-20 16:42:07,12,1,5,【#司机转弯扶咖啡杯发生事故损失上万元#】12月18日，淮安一司机开车转弯时，车内一杯咖啡因惯性倾倒。司机分心处理时，轿车突然加速向左偏移，撞上路牙后弹跳着驶入对向车道，继续撞上一辆等待红灯的白色轿车和路中的标牌后停下。轿车车头被隔离带架高，车身悬在半空中。事故未造成人员伤亡，事故总损失万元以上。（江苏新闻，希隆）江苏新闻的微博视频
4716517340219213,2021-12-20 16:27:05,9,0,6,#中国上市公司高峰论坛#【卢国建：未来五到十年中国半导体产业将迎来快速发展的黄金时代】今日（12月20日），由每日经济新闻主办的2021第十届中国上市公司高峰论坛周正式拉开序幕，论坛周以“科技创新 绿色发展”为主题。在今日举行的高峰论坛周开幕论坛上，芯海科技董事长卢国建：未来五到十年中国半导体产业将迎来快速发展的黄金时代。芯海科技董事长卢国建：未来五到十年中国半导体产业将迎来黄金时代（NBD视频；阿法）NBD视频的微博视频
4716516148778124,2021-12-20 16:22:21,10,1,4,#中国上市公司高峰论坛#【原国有重点大型企业监事会主席赵华林：科技创新是实现“双碳”目标的关键】今日（12月20日），由每日经济新闻主办的2021第十届中国上市公司高峰论坛周在线上拉开序幕。在今日举行的高峰论坛周开幕论坛中，原国有重点大型企业监事会主席赵华林发表了题为《加快科技创新，推动绿色发展》的主旨演讲。赵华林表示，推动高质量发展就必须完整准确全面贯彻新发展理念，特别要高度重视创新发展和绿色发展，因为这是高质量发展的动力和底色。（每经，希隆）原国有重点大型企业监事会主席赵华林：科技创新是实现“双碳”目标的关键 NBD视频的微博视频
4716514026980676,2021-12-20 16:13:55,12,1,4,#每经整点播#【每经16点 | 国家卫健委：西安、东莞两地疫情续发传播风险较高】20日，国务院联防联控机制举行新闻发布会，国家卫生健康委疾控局副局长、一级巡视员雷正龙表示，目前全国疫情形势总体平稳。内蒙古满洲里关联疫情已基本控制。浙江绍兴疫情发展态势趋缓，疫情外溢风险降低。浙江宁波、杭州、上海、江苏、安徽等地疫情基本得到控制。西安、东莞关联疫情仍在继续发展，两地续发传播风险较高，近日发现有零星外溢病例，风险人员排查工作正抓紧进行。广州报告的由境外奥密克戎变异株输入病例导致的本土病例，已及时采取风险人员排查措施，发生续发传播风险较低。厦门、成都报告的在闭环管理人员中发现的病例社区传播风险较低。（中新网；阿法）更多>>每经16点|薇娅偷逃税款少缴税款，被罚13.41亿；国家卫健委：西安、东莞两地疫情续发传播风险较高；南向资金净买入超30亿港元 每经16点 | 国家卫健委：西安、东莞两地疫情续发传播风险较高
4716512483476507,2021-12-20 16:07:47,21,1,14,【#妇女权益保障法修订草案首次提请审议#】20日，妇女权益保障法修订草案首次提请全国人大常委会会议审议，这是妇女权益保障法施行近30年来又一次进行“大修”。与现行法律相比，修订草案明确就业性别歧视主要情形，规定学校和用人单位对性骚扰应当采取的预防和制止措施，增加对农村妇女土地及相关权益保护措施以及基层政府责任规定等。（新华社，希隆）
4716511668734728,2021-12-20 16:04:33,75,51,27,#薇娅偷逃税被追缴并处罚款13.41亿元#【浙江省杭州市税务部门依法对黄薇偷逃税案件进行处理】近日，浙江省杭州市税务局稽查局查明，网络主播黄薇（网名：薇娅）在2019年至2020年期间，通过隐匿个人收入、虚构业务转换收入性质虚假申报等方式偷逃税款6.43亿元，其他少缴税款0.6亿元，依法对黄薇作出税务行政处理处罚决定，追缴税款、加收滞纳金并处罚款共计13.41亿元。      1.为什么杭州市税务部门要对黄薇进行检查？　　答：近年来，税务部门一直重视并持续规范网络直播行业税收秩序。我们分析发现部分网络主播存在一定涉税风险，及时开展了风险核查，提示辅导相关网络主播依法纳税。经税收大数据分析评估发现，黄薇存在涉嫌重大偷逃税问题，且经税务机关多次提醒督促仍整改不彻底，遂依法依规对其进行立案并开展了全面深入的税务检查。　　2.黄薇的违法事实有哪些？　　答：2019年至2020年期间，黄薇通过隐匿其从直播平台取得的佣金收入虚假申报偷逃税款；通过设立上海蔚贺企业管理咨询中心、上海独苏企业管理咨询合伙企业等多家个人独资企业、合伙企业虚构业务，将其个人从事直播带货取得的佣金、坑位费等劳务报酬所得转换为企业经营所得进行虚假申报偷逃税款；从事其他生产经营活动取得收入，未依法申报纳税。　　我局依据《中华人民共和国个人所得税法》《中华人民共和国税收征收管理法》等规定，依法确认其偷逃税款6.43亿元，其他少缴税款0.6亿元。　　3.请问本案中的不同罚款倍数是如何确定的？　　答：《中华人民共和国税收征收管理法》第六十三条第一款规定，对纳税人偷税的，由税务机关追缴其不缴或者少缴的税款、滞纳金，并处不缴或者少缴的税款百分之五十以上五倍以下的罚款。　　我局坚持依法依规、宽严相济、过罚相当的原则，充分考虑了违法行为的事实、性质、情节和社会危害程度等因素对黄薇进行处罚。　　一方面，对其主动纠错的偷逃税等违法行为依法从轻处理。黄薇对其隐匿个人收入偷税行为进行自查并到税务机关提交补税申请，能够配合调查主动补缴税款5亿元，占查实偷逃税款的78%，并主动报告税务机关尚未掌握的涉税违法行为，具有主动减轻违法行为危害后果等情节。我局依据《中华人民共和国行政处罚法》第三十二条规定，按照《浙江省税务行政处罚裁量基准》，给予从轻处罚，对黄薇隐匿收入偷税但主动补缴和报告的少缴税款处0.6倍罚款。　　另一方面，对其未能纠错的违法行为视危害程度依法严肃处理。根据《中华人民共和国税收征收管理法》规定，按照《浙江省税务行政处罚裁量基准》，黄薇隐匿收入偷税且未主动补缴部分，性质恶劣，严重危害国家税收安全，扰乱税收征管秩序，对其予以从重处罚，处4倍罚款；黄薇虚构业务转换收入性质虚假申报偷税部分，较隐匿收入不申报行为，违法情节和危害程度相对较轻，处1倍罚款。　　4.是否会对黄薇追究刑事责任？　　答：《中华人民共和国刑法》第二百零一条规定，纳税人有逃避缴纳税款行为的，经税务机关依法下达追缴通知后，补缴应纳税款，缴纳滞纳金，已受到行政处罚的，不予追究刑事责任；但是，五年内因逃避缴纳税款受过刑事处罚或者被税务机关给予二次以上行政处罚的除外。　　本案中，黄薇首次被税务机关按偷税予以行政处罚且此前未因逃避缴纳税款受过刑事处罚，若其能在规定期限内缴清税款、滞纳金和罚款，则依法不予追究刑事责任；若其在规定期限内未缴清税款、滞纳金和罚款，税务机关将依法移送公安机关处理。（新华社，希隆）NBD视频的微博视频
4716511103554216,2021-12-20 16:02:18,0,0,0,恭喜@金七八股 等10名用户获得【食物】。微博官方唯一抽奖工具@微博抽奖平台 对本次抽奖进行监督，结果公正有效。公示链接：网页链接
4716506544342016,2021-12-20 15:44:11,7,2,8,#我国3至11岁儿童疫苗接种超1.4亿人#【中疾控专家：我国3至11岁儿童疫苗接种人数已超1.4亿 五种情况不能接种】中国疾控中心免疫规划首席专家王华庆今天（20日）在国务院联防联控机制举行的新闻发布会上表示，截至2021年12月16日，我国3—11岁儿童疫苗接种人数已经超过1.4亿人，疫苗接种不良事件发生率低于成人，主要为发热和接种部位疼痛等一般反应。儿童不能接种的情况主要有以下几个方面：（1）对新冠病毒疫苗或其成分过敏的；（2）以前接种同类疫苗时出现过敏者；（3）既往发生过其他疫苗严重过敏反应者（如急性过敏反应、血管神经性水肿、呼吸困难等）；（4）患有未控制的癫痫和其他严重神经系统疾病者（如横贯性脊髓炎、格林巴利综合征、脱髓鞘疾病等）；（5）正在发热者，或患急性疾病，或慢性疾病的急性发作期，或未控制的严重慢性病患者。其他禁忌请按照说明书规定，受种对象或家长也可咨询接种医生。（央视，希隆）
4716505730384438,2021-12-20 15:40:57,11,3,6,#中国上市公司高峰论坛#【赵振元：光伏发电要解决土地问题，应充分利用立体空间】今日（12月20日），由每日经济新闻主办的2021第十届中国上市公司高峰论坛周正式拉开序幕，论坛周以“科技创新 绿色发展”为主题。在今日举行的高峰论坛周开幕论坛上，太极实业董事长，十一科技董事长、党委书记赵振元表示：光伏发电要解决土地问题，应充分利用立体空间。（每经，希隆）NBD视频的微博视频 太极实业董事长赵振元：新能源发展亟须解决三个突出问题
4716501053475461,2021-12-20 15:22:22,565,169,23,【#西安市民上班需核酸阴性报告# 你怎么看】西安市新冠肺炎疫情防控指挥部要求广大市民于12月20日起，持48小时内核酸检测阴性报告前往单位上班。对此，有网友指出检测量太大，有网友建议居家办公，还有网友称单位没要求核酸报告。#如何看待西安上班需核酸阴性报告#？（希隆） 
4716498671897241,2021-12-20 15:12:54,8,1,3,#每经整点播#【每经15点|胡润发布《2021全球独角兽榜》，字节跳动跃升榜首】#字节跳动跃升全球独角兽榜首# 12月20日上午，胡润百富与广州市商务局、广州市黄埔区联合发布《2021全球独角兽榜》，列出了全球成立于2000年之后，价值10亿美元以上的非上市公司。榜单显示，今年全球涌现了1058家独角兽企业，数量是去年（472家）两倍以上。其中，抖音母公司字节跳动估值增长1.73万亿元，达到2.25万亿元，超过蚂蚁集团成为全球最大独角兽。而马斯克的SpaceX估值增长4000亿元，达到6400亿元，排名第三，成为美国最大独角兽。（证券时报）每经15点|胡润发布《2021全球独角兽榜》，字节跳动跃升榜首；创业板指收跌2.96%；钟南山团队：3种防疫措施效果最显著 每经15点|胡润发布《2021全球独角兽榜》，字节跳动跃升榜首
4716495991735007,2021-12-20 15:02:15,7,0,3,#中国上市公司高峰论坛#【国家信息中心首席经济师范剑平：坚持把发展经济着力点放在实体经济 坚守金融发展基本规律】今日（12月20日），由每日经济新闻主办的2021第十届中国上市公司高峰论坛周在线上拉开序幕。在今日举行的高峰论坛周开幕论坛中，国家信息中心首席经济师范剑平发表主旨演讲时表示，我国已转向高质量发展阶段，制度优势显著，治理效能提升，经济长期向好，物质基础雄厚，人力资源丰富，市场空间广阔，发展韧性强劲，社会大局稳定，继续发展具有多方面优势和条件。“我国发展仍然处于战略机遇期，但机遇和挑战都有新的发展变化。”范剑平表示，百年未有之大变局的最大变化，就是以中国为代表的新兴市场国家和发展中国家群体性崛起，从根本上改变了国际力量对比。国际货币基金组织的数据显示，按购买力平价计算，2008年，新兴市场国家和发展中国家的经济总量就已经超过了发达国家，到2018年占世界经济的比重达到59%。可以说，当前国际力量对比关系已经发生了并将继续发生着深刻变化。“在新旧动能转换过程中，中国经济发展要从要素驱动向创新驱动转型。”范剑平认为，要把科技自立自强作为国家发展的战略支撑，面向世界科技前沿、面向经济主战场、面向国家重大需求、面向人民生命健康，深入实施科教兴国战略、人才强国战略、创新驱动发展战略，完善国家创新体系，加快建设科技强国。（每经，希隆）国家信息中心首席经济师范剑平：坚持把发展经济着力点放在实体经济 坚守金融发展基本规律 NBD视频的微博视频
4716495408727692,2021-12-20 14:59:56,0,0,0,转发微博
4716495391164591,2021-12-20 14:59:52,7316,15,15,#西安市民上班需核酸阴性报告#，对此有网友建议居家办公。问问大家，你的工作岗位能居家办公吗？（希隆）  网页链接 
4716495336114955,2021-12-20 14:59:39,0,0,0,转发微博
4716489821130270,2021-12-20 14:37:44,16,3,14,#钟南山团队发现3种防疫措施效果最显著#【#钟南山团队最新疫情研究成果#：新冠防控要快且准 3种防疫措施效果最显著】日前，由钟南山院士团队与腾讯公司联合发表的最新研究成果显示，在防控措施开始实施7至14天后，反映病毒传播能力的“再生数”Rt迅速降低；取消公共活动、关闭学校和关闭工作场所3项防控政策的效果最为显著。研究表明，更快、更精准地实施防控，才能有效遏制新冠肺炎疫情。这项研究成果已发表在国际著名医学期刊Value in Health（《健康价值》）。研究结果显示，大多数疫情防控措施在实施后约7至14天开始起效，反映病毒传播能力的“再生数” Rt迅速降低，当Rt等于1时，表示1个病例将平均感染1个继发病例。而且，防控效果随着时间的推移而增强，在25至32天内达到最大效果，Rt降低约30%，随后效果逐渐衰减 。研究发现，在各国政府普遍采取的防控措施里，取消大型公共活动、关闭学校、关闭工作场所3项防疫措施对病毒Rt的抑制作用最为显著。研究者推测，这3项措施均属强制性措施，执行可行性和依从性更高，因此，更有可能对遏制疫情生效。（每经，希隆）
4716486834520689,2021-12-20 14:25:52,11,0,2,【防癌早筛百城行暨《2021版上海百万城市体检人群健康报告》发布】揭秘上海百万体检人群健康状况，深度解析上海城市人群健康大数据。邀你一起关注！ 每日经济新闻的微博视频 
4716484737631737,2021-12-20 14:17:32,43,7,19,【#小区内的广告收益属业主共有# 你知道你小区的电梯楼道广告收益哪儿去了吗？】小区的电梯里、楼道等公共区域被贴满各式各样的广告，小区环境因此受到影响。有业主认为，物业公司在小区投放广告，产生的收入应归业主共有，这种说法是否有相关法律规定呢？根据《中华人民共和国民法典》第二百八十二条规定：“建设单位、物业服务企业或者其他管理人等利用业主的共有部分产生的收入，在扣除合理成本之后，属于业主共有。”（CCTV今日说法，希隆）CCTV今日说法的微博视频
4716481558091316,2021-12-20 14:04:54,20,3,5,#男子袭击素媛案罪犯被拘留#【#男子袭击赵斗淳被拘留# 戴手铐喊：赵斗淳先拿的锤子】当地时间16日晚，韩国素媛案罪犯赵斗淳在家中遇袭，被陌生男子打伤头。18日，打人男子被拘留，他戴手铐登上警车前，向媒体喊道，“是赵斗淳先拿的钝器（锤子）”。据韩国SBS电视台报道，打人者姓金，20来岁，在物流公司工作。金某向警方表示，自己出于对赵斗淳性犯罪的愤怒才作案，并主张是赵斗淳先抡起锤子。不过，18日，韩国法院仍以担心逃逸和销毁证据为由，签发对金某的拘捕令。16日晚，金某自称警察，敲开赵斗淳家门后，与其发生口角，还闯入室内，用锤子袭击赵斗淳头部。赵斗淳妻子见状，冲出家门，跑到楼下警亭报案。警察赶到，将金某逮捕。今年2月，金某也曾手持凶器，欲“惩罚”赵斗淳，但被警察及时制止。（海外网，希隆）海客新闻的微博视频
4716501053475461,2021-12-20 15:22:22,565,169,23,【#西安市民上班需核酸阴性报告# 你怎么看】西安市新冠肺炎疫情防控指挥部要求广大市民于12月20日起，持48小时内核酸检测阴性报告前往单位上班。对此，有网友指出检测量太大，有网友建议居家办公，还有网友称单位没要求核酸报告。#如何看待西安上班需核酸阴性报告#？（希隆） 
4716498671897241,2021-12-20 15:12:54,8,1,3,#每经整点播#【每经15点|胡润发布《2021全球独角兽榜》，字节跳动跃升榜首】#字节跳动跃升全球独角兽榜首# 12月20日上午，胡润百富与广州市商务局、广州市黄埔区联合发布《2021全球独角兽榜》，列出了全球成立于2000年之后，价值10亿美元以上的非上市公司。榜单显示，今年全球涌现了1058家独角兽企业，数量是去年（472家）两倍以上。其中，抖音母公司字节跳动估值增长1.73万亿元，达到2.25万亿元，超过蚂蚁集团成为全球最大独角兽。而马斯克的SpaceX估值增长4000亿元，达到6400亿元，排名第三，成为美国最大独角兽。（证券时报）每经15点|胡润发布《2021全球独角兽榜》，字节跳动跃升榜首；创业板指收跌2.96%；钟南山团队：3种防疫措施效果最显著 每经15点|胡润发布《2021全球独角兽榜》，字节跳动跃升榜首
4716495991735007,2021-12-20 15:02:15,7,0,3,#中国上市公司高峰论坛#【国家信息中心首席经济师范剑平：坚持把发展经济着力点放在实体经济 坚守金融发展基本规律】今日（12月20日），由每日经济新闻主办的2021第十届中国上市公司高峰论坛周在线上拉开序幕。在今日举行的高峰论坛周开幕论坛中，国家信息中心首席经济师范剑平发表主旨演讲时表示，我国已转向高质量发展阶段，制度优势显著，治理效能提升，经济长期向好，物质基础雄厚，人力资源丰富，市场空间广阔，发展韧性强劲，社会大局稳定，继续发展具有多方面优势和条件。“我国发展仍然处于战略机遇期，但机遇和挑战都有新的发展变化。”范剑平表示，百年未有之大变局的最大变化，就是以中国为代表的新兴市场国家和发展中国家群体性崛起，从根本上改变了国际力量对比。国际货币基金组织的数据显示，按购买力平价计算，2008年，新兴市场国家和发展中国家的经济总量就已经超过了发达国家，到2018年占世界经济的比重达到59%。可以说，当前国际力量对比关系已经发生了并将继续发生着深刻变化。“在新旧动能转换过程中，中国经济发展要从要素驱动向创新驱动转型。”范剑平认为，要把科技自立自强作为国家发展的战略支撑，面向世界科技前沿、面向经济主战场、面向国家重大需求、面向人民生命健康，深入实施科教兴国战略、人才强国战略、创新驱动发展战略，完善国家创新体系，加快建设科技强国。（每经，希隆）国家信息中心首席经济师范剑平：坚持把发展经济着力点放在实体经济 坚守金融发展基本规律 NBD视频的微博视频
4716495408727692,2021-12-20 14:59:56,0,0,0,转发微博
4716495391164591,2021-12-20 14:59:52,7316,15,15,#西安市民上班需核酸阴性报告#，对此有网友建议居家办公。问问大家，你的工作岗位能居家办公吗？（希隆）  网页链接 
4716495336114955,2021-12-20 14:59:39,0,0,0,转发微博
4716489821130270,2021-12-20 14:37:44,16,3,14,#钟南山团队发现3种防疫措施效果最显著#【#钟南山团队最新疫情研究成果#：新冠防控要快且准 3种防疫措施效果最显著】日前，由钟南山院士团队与腾讯公司联合发表的最新研究成果显示，在防控措施开始实施7至14天后，反映病毒传播能力的“再生数”Rt迅速降低；取消公共活动、关闭学校和关闭工作场所3项防控政策的效果最为显著。研究表明，更快、更精准地实施防控，才能有效遏制新冠肺炎疫情。这项研究成果已发表在国际著名医学期刊Value in Health（《健康价值》）。研究结果显示，大多数疫情防控措施在实施后约7至14天开始起效，反映病毒传播能力的“再生数” Rt迅速降低，当Rt等于1时，表示1个病例将平均感染1个继发病例。而且，防控效果随着时间的推移而增强，在25至32天内达到最大效果，Rt降低约30%，随后效果逐渐衰减 。研究发现，在各国政府普遍采取的防控措施里，取消大型公共活动、关闭学校、关闭工作场所3项防疫措施对病毒Rt的抑制作用最为显著。研究者推测，这3项措施均属强制性措施，执行可行性和依从性更高，因此，更有可能对遏制疫情生效。（每经，希隆）
4716486834520689,2021-12-20 14:25:52,11,0,2,【防癌早筛百城行暨《2021版上海百万城市体检人群健康报告》发布】揭秘上海百万体检人群健康状况，深度解析上海城市人群健康大数据。邀你一起关注！ 每日经济新闻的微博视频 
4716484737631737,2021-12-20 14:17:32,43,7,19,【#小区内的广告收益属业主共有# 你知道你小区的电梯楼道广告收益哪儿去了吗？】小区的电梯里、楼道等公共区域被贴满各式各样的广告，小区环境因此受到影响。有业主认为，物业公司在小区投放广告，产生的收入应归业主共有，这种说法是否有相关法律规定呢？根据《中华人民共和国民法典》第二百八十二条规定：“建设单位、物业服务企业或者其他管理人等利用业主的共有部分产生的收入，在扣除合理成本之后，属于业主共有。”（CCTV今日说法，希隆）CCTV今日说法的微博视频
4716481558091316,2021-12-20 14:04:54,20,3,5,#男子袭击素媛案罪犯被拘留#【#男子袭击赵斗淳被拘留# 戴手铐喊：赵斗淳先拿的锤子】当地时间16日晚，韩国素媛案罪犯赵斗淳在家中遇袭，被陌生男子打伤头。18日，打人男子被拘留，他戴手铐登上警车前，向媒体喊道，“是赵斗淳先拿的钝器（锤子）”。据韩国SBS电视台报道，打人者姓金，20来岁，在物流公司工作。金某向警方表示，自己出于对赵斗淳性犯罪的愤怒才作案，并主张是赵斗淳先抡起锤子。不过，18日，韩国法院仍以担心逃逸和销毁证据为由，签发对金某的拘捕令。16日晚，金某自称警察，敲开赵斗淳家门后，与其发生口角，还闯入室内，用锤子袭击赵斗淳头部。赵斗淳妻子见状，冲出家门，跑到楼下警亭报案。警察赶到，将金某逮捕。今年2月，金某也曾手持凶器，欲“惩罚”赵斗淳，但被警察及时制止。（海外网，希隆）海客新闻的微博视频
4716480019827551,2021-12-20 13:58:47,15,10,14,【#西安一码通因访问量过大导致系统崩溃#】20日上午，西安市“一码通”系统因访问量过大导致系统崩溃，给市民出行、上班和就医带来不便。20日早高峰时段，很多西安市民发现“一码通”不能正常打开，坐地铁需要实名登记。记者在西安地铁二号线北大街站看到，因为无法扫码进站，不少乘客被挡在扫码处，排队登记身份证或学生证，在工作人员引导下有序进站乘车。另外，记者在西安一些核酸检测点看到，因为无法扫码，很多人在现场排队等待。记者从西安市大数据局了解到，20日西安“一码通”系统因访问量过大系统崩溃，目前正在抢修中。截至20日11时30分，西安市“一码通”系统仍未恢复。（新华社，希隆）
4716479734088919,2021-12-20 13:57:38,10,0,4,#短视频创摄大赛# #发现成都之美# 各位老师觉得《攻占地球，喵喵》这部科幻短片怎么样？ 刘慈欣@workership @郝景芳 @阿缺SF @谢云宁SF @宝树//@古火拉兹:有没有觉得，这也是今年最好的国产科幻片之一了？
4716476457813022,2021-12-20 13:44:38,28,5,10,【山东艺考疑泄题！#山东艺考生称开考19分钟就有人发答案#】12月19日，某社交平台上有多名学生爆料称，山东省音乐统考试题被泄漏。记者从当地艺考生银同学（化名）处获悉，11点考完试后，在微信群里看到了疑似有人泄题，考试刚开始19分钟，就有人在群里发布答案。银同学还告诉记者，他们进入考场时都会经过严格的检查，手机是没办法带进考场的。20日，山东省教育厅发布通告称，已经第一时间启动调查。（极目新闻，希隆）百姓关注的微博视频
4716473204081981,2021-12-20 13:31:42,90,11,27,【#中国首款抗新冠特效药输液完立刻起效#】我国首个抗新冠病毒特效药获得药监局的上市批准。研发团队教授解释抗新冠特效药原理：抗体是人体的天然武器，他们“大海捞针”，筛选出两个对新冠病毒阻断力强大的抗体，让它们协同打出组合拳。“药物采取静脉滴注的方式，注入体内后马上起效”，可降低高风险新冠门诊患者80%的住院率和死亡率，主要作用以治疗为主。（央视新闻，希隆）央视新闻的微博视频
4716472927257319,2021-12-20 13:30:36,3312,585,1881,#今年年假可安排到明年休# 【又到年底，你的年假休完了吗？】#因工作未休年假可获3倍工资补偿# 据《职工带薪年休假条例》：职工累计工作时间满1年不满10年，年假5天；满10年不满20年，年假10天；满20年，年假15天。你的年假休完了吗？戳图了解，关于年假，你应该知道的事↓↓↓ （人民日报，嘉玛） 
4716466177315065,2021-12-20 13:03:47,13,2,11,【#日本家庭金融资产达1999万亿日元# 创新高：疫情导致消费减少，股价上涨】#日本家庭金融资产创新高# 共同社12月20日报道，日本央行20日公布的2021年三季度（7至9月）资金循环统计初值显示，截至9月底，家庭拥有的金融资产余额较上年同期增加5.7%，为1999万亿日元（约合人民币112万亿元），创下有可比数据的2005年以来新高。原因是新冠疫情使人们继续减少消费，且股价上涨使资产市值增加。家庭金融资产具体项目中，现金和存款增加3.7%至1072万亿日元，人们避免外出等使支出减少。股票等增加28.6%至218万亿日元，投资信托也增加24.0%至90万亿日元。保险和养老金等增加1.1%至539万亿日元。（界面，嘉玛）
4716463922087391,2021-12-20 12:54:49,9,3,7,【#佳兆业今日复牌# 公布4项优先票据债务违约合计约117.8亿美元】#佳兆业公布4项优先票据债务违约#  12月20日上午，停牌多日的佳兆业集团（01638.HK）正式复牌，同时还公布了4项已经违约的优先票据，未偿还本金额约117.8亿美元。具体来看，这些优先票据包括2021年、2023年、2025年、2026年优先票据。佳兆业表示，上述有关未就优先票据付款的情况可能导致公司债权人要求加快还款，公司目前并无接获该公司发行的优先票据持有人就加快行动发出任何通知。公司一直与其优先票据持有人的代表商讨，就尚未支付的优先票据制定全面债务重组计划。另外，佳兆业已委任华利安诺基(中国)有限公司作为财务顾问以评估集团的资本结构、衡量集团的流动性并探讨一切可行的解决方案，以尽快缓解当前的流动性问题并为所有持份者达成最佳解决方案。为此，公司亦已委任盛德律师事务所作为其法律顾问。佳兆业今日复牌 公布4项优先票据债务违约合计约117.8亿美元 （嘉玛）
4716462222084274,2021-12-20 12:48:04,9,2,6,#中国上市公司高峰论坛# 【贝泰妮董事长郭振宇：品牌定位需择高而立，技术决定持续创造力】今年3月25日，贝泰妮（300957.SZ）登陆创业板。12月17日，公司总市值已达885亿元。中国的化妆品牌大多诞生于珠三角和长三角地区，西南地区似乎并没有化妆品基因，“偏居于”云南的贝泰妮及其旗下的“薇诺娜”如何能够在短时间横空出世成为中国功效护肤龙头？今日（12月20日），由每日经济新闻主办的2021第十届中国上市公司高峰论坛周拉开序幕，论坛周以“科技创新 绿色发展”为主题，在今日上午高峰论坛周开幕论坛上，贝泰妮董事长、总经理郭振宇以《科技赋能美丽绿色成就可持续发展》为题进行了主旨演讲。郭振宇分享了贝泰妮成长的经验，他认为，品牌定位需要择高而立；要坚持自主研发，拥有将技术成果有效转化为经营成果的持续创造能力。贝泰妮董事长郭振宇：品牌定位需择高而立，技术决定持续创造力 （嘉玛）NBD视频的微博视频
4716460373180999,2021-12-20 12:40:43,61,5,4,【#男子抢珠宝店女员工翻柜台追击#  ，经理：当场徒手制服，会给奖励】#男子抢珠宝店被两名女员工制服#  12月18日，广东惠州。大亚湾区一珠宝店，一男子试图抢金项链，被两名女店员当场合力制服。珠宝店张经理称，该男子和普通顾客一样进店挑选，结果拿着项链就跑，店员紧跟其后将其按倒在地，派出所赶来将该男子带走。张经理表示，会对制服男子的店员予以表扬奖励。（@西部决策，嘉玛） 西部决策的微博视频
4716458633076095,2021-12-20 12:33:48,15,0,1,#中国上市公司高峰论坛#【天能股份董事长张天任：“双碳”目标催生广阔市场机遇 将产生万亿级新赛道】12月20日，由每日经济新闻主办的2021第十届中国上市公司高峰论坛周拉开序幕，此次论坛周以“科技创新 绿色发展”为主题。在12月20日的高峰论坛周开幕论坛上，天能股份（688819，SH）董事长张天任发表了题为“抢抓双碳机遇、深化数字赋能、引领绿色高质量可持续发展”的主旨演讲。在“碳达峰”、“碳中和”的大背景下，企业的数字化、智能化、绿色化转型已经成为当前的发展方向，如何把握机遇，在时代的洪流中站稳脚跟，张天任在这次论坛上讲述了天能股份的绿色发展之路。天能股份董事长张天任：“双碳”目标催生广阔市场机遇 将产生万亿级新赛道（嘉玛） NBD视频的微博视频
4716458368306390,2021-12-20 12:32:45,1,1,5,#中国上市公司高峰论坛#【中国记协原书记处书记顾勇华点赞每经AI电视：体现了每经对媒体融合发展的深入理解】今日（12月20日），由每日经济新闻主办的2021第十届中国上市公司高峰论坛周拉开序幕，论坛周以“科技创新 绿色发展”为主题。在今日上午举行的高峰论坛周开幕论坛上，每日经济新闻与小冰公司共同宣布，双方联手打造的全球首个全流程由人工智能技术驱动的视频直播电视栏目“每经AI电视”全网正式上线。每经AI电视在每日经济新闻APP端、视频号等多个平台24小时不间断全网直播，从稿件撰写、视频转化到最终串联播出，全部由AI驱动，全程无需人工参与，内容涵盖A股公告、机构调研、券商研报等13个大类，222个子类，已实现对A股4000多家公司全覆盖。在试运营的两个多月时间里，每经AI电视已经为每日经济新闻APP端、视频号等多个直播平台的亿级用户连续直播约1700个小时的全球财经资讯，实现了人工智能从金融资讯文本到视频的端到端连续生产，有效保证了财经资讯服务的稳定性、准确性、实时性和多样性。中国记协原书记处书记顾勇华点赞每经AI电视：体现了每经对媒体融合发展的深入理解【中山大学传播与设计学院教授张志安：每经AI电视是真正让虚拟主播进入媒体日常内容生产的重要事件】中山大学传播与设计学院教授张志安：每经AI电视是真正让虚拟主播进入媒体日常内容生产的重要事件【每经AI电视上线 美国罗格斯大学教授：AI新闻大有可为】每经AI电视上线 美国罗格斯大学教授：AI新闻大有可为【中国传媒大学教授曾祥敏点赞每经AI电视：是探索人工智能信息生产和传播的重要路径】中国传媒大学教授曾祥敏点赞每经AI电视：是探索人工智能信息生产和传播的重要路径 （嘉玛）
4716458045345084,2021-12-20 12:31:28,519,91,14,【#王力宏道歉# #王力宏暂退出工作#】12月20日中午，@王力宏 再次发文回应：左思右想，男人还是应该承担起所有的责任。我不再做任何解释和辩解，没经营好婚姻，给家人带来困扰，没给大众做好偶像该有的形象，都是我的错。在这里，给爸爸妈妈靓蕾孩子们郑重道歉。既已离婚，争论过去种种已经无意义了。从今往后，我会注意自己的言行举止，会承担起一个父亲、儿子和公众人物的责任，经济上生活上尽可能的照顾靓蕾和孩子们，我准备暂时退出工作，留出时间陪伴父母和孩子，弥补这次风波带来的伤害。靓蕾，我们还是要共同照顾抚养三个孩子的，你们住的房子我会过户到你的名下。孩子们的抚养教育我也会全程参与并承担费用。此事肯定主要是我处理不当。再次向大家道歉。近日，王力宏宣布离婚，其前妻李靓蕾在微博发布长文，控诉王力宏种种不端行为，引发关注与热议。随后，英菲尼迪首先发出声明，18日凌晨当即宣布，决定即日起终止与王力宏的合作关系。据悉，此时间距官宣成为王力宏正式成为其代言人才过去35小时，不到2天。随即，有网友戏称王力宏为“日抛型代言人”。经过此事发酵，读书郎、周大生相继发出发文表示，和王力宏解约或不再和王力宏合作公告。（嘉玛）
4716453955109980,2021-12-20 12:15:13,19,5,6,【#每经下午茶#连麦直播第七十二话：对话：华夏基金数量投资部副总裁鲁亚运：2022年ETF投资策略】2021年很快就要过去了，又到了为明年投资做准备的时候。今年有一种交易便利、费率便宜、而且表现可圈可点的产品ETF深受大家喜爱，如果你选到光伏、新能源、稀土这类的ETF持有，能够获得非常不俗的回报。当然，选ETF就是选择自己的投资范围是宽是窄，就是选赛道，那么明年我们ETF该怎么投？今天15:00华夏基金数量投资部副总裁鲁亚运@华夏基金 、每日经济新闻资深记者任飞@张道达 将进行分享，敬请关注！ 每日经济新闻的微博视频 2022年ETF投资策略
4716453016373356,2021-12-20 12:11:29,3,1,2,#每经整点播#【每经12点|#韩国房价第三季度涨幅全球第一#】据韩国《亚洲日报》报道，英国房地产信息公司KnightFrank发布的《全球住宅价格指数》报告显示，韩国第三季度房价同比上涨23.9%，基于物价涨幅的实际涨幅一项，居本次调查的56个国家中榜首，房价涨幅超过10%的国家的比例为48%。每经12点|早盘三大指数集体下跌，创业板指跌逾2%，北向资金净买入4.09亿元；北京：倡议广大市民朋友在京过年,非必要不出京 （嘉玛） 每经12点|韩国房价第三季度涨幅全球第一
4716452726966489,2021-12-20 12:10:20,10,1,2,2021第十届#中国上市公司高峰论坛#聚焦“科技创新 绿色发展”上午场精彩纷呈下午场敬请期待14点见 
4716450160055515,2021-12-20 12:00:08,2,3,6,#中国上市公司高峰论坛#【上海家化董事长兼首席执行官潘秋生：希望组织能够在数字化转型过程中越走越远】12月20日至12月24日，由每日经济新闻主办的2021第十届中国上市公司高峰论坛周如期而至。作为中国最具影响力的高端财经论坛之一，此次论坛周以“科技创新 绿色发展”为主题。在20日高峰论坛周开幕论坛上，上海家化（600315.SH）董事长兼首席执行官潘秋生发表了主旨演讲。演讲中，潘秋生从上海家化的企业经营方针、产品创新方法、数字化流程等多个维度，介绍了上海家化百年发展历程和科技创新之路。上海家化董事长兼首席执行官潘秋生：希望组织能够在数字化转型过程中越走越远 （嘉玛）NBD视频的微博视频
4716449563673105,2021-12-20 11:57:46,678,38,186,#汉语盘点2021年度字词#【“汉语盘点2021”：#治疫分别当选年度国内字国际字#】今天（12月20日），国家语言资源监测与研究中心、商务印书馆、光明网等联合主办的“汉语盘点2021”揭晓仪式在北京举行。本次活动自11月19日启动以来，陆续发布了前5位年度字词，年度十大网络用语、十大流行语、十大新词语，总关注量超过3亿人次。最终，“治”“建党百年”“疫”“元宇宙”分别当选年度国内字、国内词、国际字、国际词。2021年度十大网络用语是：觉醒年代；YYDS；双减；破防；元宇宙；绝绝子；躺平；伤害性不高，侮辱性极强；我看不懂，但我大受震撼；强国有我。2021年度十大流行语是：建党百年、2020东京奥运会、中国航天、双碳、疫苗接种、双减、北交所、“清朗”行动、疫苗援助、《生物多样性公约》。2021年度十大新词语是：七一勋章、双碳、双减、保障性租赁住房、祝融号、跨周期调节、减污降碳、动态清零、德尔塔、破防。（央视新闻，嘉玛）
4716448549441793,2021-12-20 11:53:44,12,10,6,#北京明确在京过年不搞一刀切#【#北京倡议在京过年但不搞一刀切#】今天（12月20日）上午，北京市召开疫情防控新闻发布会，介绍疫情防控最新情况。相关负责人介绍，当前全球疫情大流行仍在高位运行，国内多地接连发生疫情，防控形势依然严峻复杂，昨日北京新增本土病例再一次证明首都疫情防控形势复杂、风险多元，指挥体系要始终处于应急响应状态，不断提升应急处置的能力，元旦、春节期间人员流动更加频繁，又正值北京冬奥会和冬残奥会举办，做好首都疫情防控至关重要，倡议广大市民朋友在京过年，非必要不出京，但不搞一刀切，让留京离京的市民都能安心过好年。（央视，希隆）
4716448259768772,2021-12-20 11:52:35,19,2,6,#全球约有45亿剂新冠疫苗产自中国#【45亿剂！#中国新冠疫苗产量全球第一#】近日，研究全球供应的科学分析公司Airfinit与国际药品制造商协会联合会(IFPMA)共同统计分析得出的数据显示，2021年全球已经生产了111.5亿剂新冠疫苗。其中，约有45亿剂产自中国，近23亿剂产自欧洲，此外，印度和美国的产量分别约为16亿剂和9.5亿剂。研究还指出，目前全球约57%的人口已经至少接种两剂疫苗，但有41个国家接种过一剂疫苗的人口比例尚不足10%，这些国家大多位于非洲。根据Airfinity的估算，即便富裕国家的所有国民都接种了加强针，到2021年3月，富裕国家依旧还有14亿剂疫苗盈余。国际药品制造商协会联合会总干事库尼表示，“在疫苗公平分配的问题上，我们失败过，2022年我们必须做得更好。”（中国新闻网，嘉玛）
4716446896098901,2021-12-20 11:47:10,7,0,0,#中国上市公司高峰论坛#【立昂微资本市场“爆红”背后 董事长王敏文总结了六点科技创新干货】2021年12月20日，由每日经济新闻主办的2021第十届中国上市公司高峰论坛周拉开序幕，本次论坛周以“科技创新 绿色发展”为主题。在12月20日的高峰论坛周开幕论坛上，立昂微（605358，SH）董事长王敏文在发表主旨演讲时回顾了公司发展历程，他提到，只有将技术创新进行到底，企业才能做大做强，产业发展才有灿烂的明天。2020年9月11日，立昂微成功登陆资本市场，股价从不到6元/股（前复权，下同）一路上行，12月17日收盘报收于133.10元/股，总市值608亿元。在过去一年多时间里，立昂微股价一度摸高至188.07元/股，成为不少机构投资者关注的“网红”硬核上市公司之一。专注于集成电路用硅片、半导体功率器件、化合物半导体射频芯片三大业务领域，深耕半导体行业20余年，硅片从4、5、6、8英寸，到目前的12英寸，二十年时间立昂微逐步成长为国内半导体硅片先锋和细分市场头部企业，它做对了什么？在此次峰会上，王敏文分享了六点干货。王敏文认为科技创新必须立足于自主创新，大凡立足于自主创新的科技、产业成果，才有可能成为真正的国之重器。除了自主创新，王敏文也强调了对技术的引进吸收。他表示，技术相对落后的我国半导体产业要发展，非常需要积极参与国际技术交流，大力引进先进技术，然后通过自身的充分消化吸收，力求有所创新。（每经，希隆） NBD视频的微博视频  立昂微资本市场“爆红”背后 董事长王敏文总结了六点科技创新干货
4716445277620746,2021-12-20 11:40:44,99,18,13,#官方通报山东艺考生疑似泄题#【艺考生违规携带手机拍摄试卷上网？刚刚，山东省教育招生考试院通报】#山东音乐统考被指泄题作弊# 12月20日，山东省教育招生考试院微信公众号发布《关于我省2022年普通高校招生艺术类专业统考有关情况的通报》,原文如下：12月19日，山东省2022年普通高校招生艺术类专业统考（笔试）过程中，我院监测发现疑似个别考生违规携带手机拍摄试卷上网的情况。对此，我院高度重视，第一时间启动调查程序，目前已会同相关部门查清部分事实和当事人，后续调查正在进行中。普通高校招生考试事关社会公平公正，我院坚决维护广大考生合法权益，对考试舞弊事件始终坚持零容忍态度，发现一起、坚决查处一起，绝不姑息。欢迎广大考生和社会各界提供考试作弊线索，我院举报受理电话0531-86162757。艺考生违规携带手机拍摄试卷上网？刚刚，山东省教育招生考试院通报（嘉玛）
4716444794750299,2021-12-20 11:38:49,12,4,5,#北京确诊病例初判密接者108人#【北京疾控：本起疫情来源较为明确，风险可控】#北京本起疫情风险可控# 12月20日，在北京市新型冠状病毒肺炎疫情防控工作第264场新闻发布会上，北京市疾病预防控制中心副主任、全国新型冠状病毒肺炎专家组成员庞星火介绍，经过流行病学调查显示，目前，本起疫情来源较为明确，风险可控。截至目前，采集相关风险人员鼻咽拭子结果均为阴性，外环境样本除2件阳性，其余均为阴性。初步判定密切接触者108人，均已落实管控措施。（北京日报，嘉玛） 人民视频的微博视频
4716444057076662,2021-12-20 11:35:53,5,1,0,#中国上市公司高峰论坛#【小冰公司首席运营官徐元春：每经AI电视极大提升了信息传播的分发效率 有望打造全新传播场景】#每经AI电视台# 今日（12月20日），由每日经济新闻主办的2021第十届中国上市公司高峰论坛周拉开序幕，论坛周以“科技创新 绿色发展”为主题。在上午的高峰论坛周开幕论坛上，每日经济新闻与小冰公司共同宣布，双方联手打造的全球首个全流程由人工智能技术驱动的视频直播电视栏目“每经AI电视”全网正式上线。在此之前，每经AI电视已于2021年10月11日6点38分上线公测，在每经APP端、视频号、抖音号等多个平台的亿级用户连续直播约1700个小时的全球财经资讯。小冰公司首席运营官徐元春在论坛上介绍了每经AI电视，它是24小时不间断全网直播的电视栏目，也是全球第一个全流程无人化操作的视频直播栏目。“也就是说，从稿件的撰写、视频的转化到最终的串联播出，全部由AI驱动，全程不需要人工的参与 。”   “每经AI电视实现了人工智能从金融资讯文本到视频的端到端连续生产，极大地提升了信息传播的分发效率，有效保证了财经资讯服务的稳定性、准确性、实时性和多样性，同时解决了内容生产效率和质量的供需矛盾，有望完成全新传播场景的打造。”徐元春谈到，这也是小冰与每日经济新闻，在持续深耕AI金融资讯内容生成的基础上，在金融财经领域、在财经媒体转型升级方面的又一全新探索。（每经，希隆）小冰公司首席运营官徐元春：虚拟人技术赋能每经AI电视内容生产和分发，打造全新的媒体场景
4716443453361678,2021-12-20 11:33:29,26499,20,38,#今年年假可安排到明年休#你今年休了几天年假？#因工作未休年假可获3倍工资补偿# （嘉玛）  网页链接 
4716441544167168,2021-12-20 11:25:54,19,5,7,【#小海龟肠道现大量塑料# 渔网、泡沫、尼龙等】近日，阿根廷的生物学家在一只小海龟的肠道内发现了大量塑料废弃物。据了解，这只小海龟体长35厘米，此前被渔民从缠绕着的渔网中解救出来，它在两天的时间内排泄出包括渔网、泡沫、尼龙和玻璃纸等大约18克垃圾。但射线检查发现仍有碎片堵塞其肠道。目前，小海龟仍在救援中心接受治疗。央视网快看的微博视频 （@央视网快看，嘉玛）
4716439527229941,2021-12-20 11:17:53,4,1,8,#中国上市公司高峰论坛#【中国国际经济交流中心首席研究员张燕生：今明两年全球经济不确定性仍然很大 “稳字当头”是我国政策关键】今日（12月20日），由每日经济新闻主办的2021第十届中国上市公司高峰论坛周在线上拉开序幕，在今日举行的高峰论坛周开幕论坛中，中国国际经济交流中⼼⾸席研究员、国家发改委学术委员会原秘书长张燕生发表了题为《宏观经济新趋势预判》的主旨演讲。在演讲中，张燕生指出，从全球看，今明两年全球经济形势向好，但不确定性风险仍然很大。2022年我国宏观政策的关键是“稳字当头”，在这样的背景下，稳内需、稳预期、稳基本盘等方面将成为重要的政策发力方向。网页链接（嘉玛） NBD视频的微博视频
4716437715293165,2021-12-20 11:10:41,18687,1674,273,#如何看待西安上班需核酸阴性报告#【12月20日起，#西安市民上班需核酸阴性报告#】据@陕西发布 ，按照西安市新冠肺炎疫情防控指挥部的要求，#西安全市中小学幼儿园居家观测#。从20日起，西安市全市中小学、幼儿园居家观测，同时停课不停学，复课时间另行通知。另外，西安市新冠肺炎疫情防控指挥部要求广大市民于12月20日起，持48小时内核酸检测阴性报告前往单位上班，并做好个人安全防护。（陕西发布，希隆）新京报我们视频的微博视频
4716435224134709,2021-12-20 11:00:47,12,3,8,#中国上市公司高峰论坛#【原国家发改委能源局局长徐锭明：碳中和为数字化转型导航，数字化为低碳化战略赋能】今日（12月20日），由每日经济新闻主办的2021第十届中国上市公司高峰论坛周在线上拉开序幕。在今日举行的高峰论坛周开幕论坛中，原国家发改委能源局局长徐锭明发表演讲。徐锭明就“双碳”目标与大家展开交流。他表示，“十四五”是我国实现碳达峰的关键期，也是推动经济高质量发展和生态环境质量持续改善的攻坚期。碳达峰与碳中和相辅相成，由于植树造林、工业固碳等所能吸收的碳量相对固定，远远少于工业发展所排放的碳量。所以为实现碳中和愿景，必须制定并实施碳达峰方案，扭转二氧化碳排放增长趋势。徐锭明特别强调，碳达峰峰值并不是越高越好，峰值越高，碳中和的难度越大，耗时越长。为盲目摸高而兴建高碳排放项目，将在项目存续期间长期占用大量的碳排放份额，形成碳排放锁定效应，为实现碳中和目标带来巨大压力。“碳中和并没有解决人类生存问题，在碳中和之后，还要创新低碳技术，创造负碳能源。碳中和远不是重点，应对气候变化任重道远，展望未来必须负碳排放。碳达峰与碳中和就是为了生态的高颜值、发展的高素质、生活的高品质。”徐锭明说。徐锭明着重提出，碳中和为数字化转型导航，数字化为低碳化战略赋能。碳中和是数字化转型的核心力，数字化是低碳化战略驱动力，实现碳中和要树立新的思维方式。NBD视频的微博视频（每经，希隆）原国家发改委能源局局长徐锭明：碳中和为数字化转型导航，数字化为低碳化战略赋能
4716435182453442,2021-12-20 11:00:37,8,2,1,【#蜜雪冰城申请蜜雪时光商标被驳回# 曾起诉密雪时光品牌恶意模仿】#蜜雪冰城曾起诉密雪时光恶意模仿# 启信宝App显示，近日，蜜雪冰城股份有限公司申请注册的多个“蜜雪时光”商标状态变更为“驳回复审”“驳回通知发文”，国际分类包括啤酒饮料、餐饮住宿、方便食品等。值得一提的是，此前，蜜雪冰城公司曾起诉密雪时光品牌恶意模仿，商标名称、店铺装修恶意“搭便车”等。（每经，嘉玛）
4716432167010703,2021-12-20 10:48:38,40,15,12,【#一绪寿喜烧用比目鱼冒充鳕鱼#】#一绪寿喜烧虚假宣传被罚50万#中国信用网显示，近日，一绪寿喜烧关联公司上海丰之绪餐饮管理有限公司新增行政处罚，因虚假或者引人误解的商业宣传被罚50万元，详情为当事人自2020年5月1日起在上海地区的“一绪寿喜烧”门店以格林兰比目鱼（庸鲽鱼）为食品原料制作门店菜单上的“日式烤鳕鱼”菜品，决定机关为上海市杨浦区市场监督管理局。据悉此前该公司就被曝食材回收以次充好。（每经，嘉玛）
4716429566543153,2021-12-20 10:38:18,33,6,4,【#马斯克称今年将支付超110亿美元税款#】 马斯克最新在社交媒体上表示，“告诉那些好奇的人，我今年将支付超过110亿美元的税款”。（财联社，嘉玛） 
4716429246988751,2021-12-20 10:37:01,3,0,1,2021第十届#中国上市公司高峰论坛#重磅嘉宾，聚焦“科技创新 绿色发展” 
4716428089624354,2021-12-20 10:32:26,8,1,1,#中国上市公司高峰论坛#【中国上市公司协会副会长孙念瑞：以科技创新推动上市公司绿色发展】今日（12月20日），由每日经济新闻主办的2021第十届中国上市公司高峰论坛周拉开序幕，论坛周以“科技创新 绿色发展”为主题。在今日上午的高峰论坛周开幕论坛上，中国上市公司协会党委委员、副会长孙念瑞以《以科技创新推动上市公司绿色发展》为题致辞。他表示，上市公司日益成为创新主体，成为我国经济转型升级、高质量发展的核心力量；“两板一所”等多层次资本市场顶层设计的突破，为上市公司创新发展提供了肥沃的资本土壤。在孙念瑞看来，上市公司作为中国企业的优秀代表，应该率先引领、率先垂范ESG实践，“以科技创新推动社会绿色发展，上市公司新时代新作为，需要我们共同努力、不懈奋斗。”（每经，希隆）中国上市公司协会副会长孙念瑞：以科技创新推动上市公司绿色发展
4716426948250049,2021-12-20 10:27:54,9,0,2,#中国上市公司高峰论坛#【全国政协经济委员会副主任刘世锦：中国真正的增长潜力主要来源于结构性潜能，绿色技术需要加法和乘法】今日（12月20日），由每日经济新闻主办的2021第十届中国上市公司高峰论坛周在线上拉开序幕。在今日举行的高峰论坛周开幕论坛中，全国政协经济委员会副主任刘世锦作主旨演讲。刘世锦表示，近期的降准是货币政策常态化后的正常操作，符合稳健要灵活适度、保持流动性合理充裕的要求。明年上半年宏观政策受多种因素制约，调整空间收缩，难点仍在度的把握。宏观政策主要解决短期稳定和平衡的问题。不仅要认识到货币和财政政策能做什么，更重要的是理解货币和财政政策不能做什么。全国政协经济委员会副主任刘世锦：中国真正的增长潜力主要来源于结构性潜能，绿色技术需要加法和乘法（嘉玛） NBD视频的微博视频
4716424860012308,2021-12-20 10:19:36,15,6,25,#1年期LPR利率下调#【中国人民银行：#1年期LPR下调为3.8%# 5年期以上LPR维持不变】中国人民银行授权全国银行间同业拆借中心公布，2021年12月20日贷款市场报价利率（LPR）为：1年期LPR为3.8%，此前连续19个月维持在3.85%不变。5年期以上LPR为4.65%，连续第20个月维持不变。以上LPR在下一次发布LPR之前有效。（央行，希隆）央行将一年期贷款市场报价利率（LPR）下调至3.8%
4716424277004471,2021-12-20 10:17:17,11,1,7,#中国上市公司高峰论坛# 【孙念瑞：以科技创新推动社会绿色发展，上市公司新时代应有新作为】今日（12月20日），由每日经济新闻主办的2021第十届中国上市公司高峰论坛周正式拉开序幕，论坛周以“科技创新绿色发展”为主题。在今日举行的的高峰论坛周开幕论坛上，中国上市公司协会副会长孙念瑞先生表示：要以科技创新推动社会绿色发展，上市公司新时代应有新作为。 NBD视频的微博视频 （@NBD视频，嘉玛）
4716423693730220,2021-12-20 10:14:57,4,1,2,#每经整点播#【每经10点丨国家卫健委：昨日新增新冠肺炎本土确诊病例37例】12月19日0—24时，31个省（自治区、直辖市）和新疆生产建设兵团报告新增确诊病例102例。其中本土病例37例（陕西24例，其中西安市21例、延安市2例、咸阳市1例；浙江10例，其中绍兴市9例、杭州市1例；广东2例，均在东莞市；北京1例，在通州区）。每经10点丨12月LPR报价出炉：1年期降为3.8%；2021第十届中国上市公司高峰论坛正式启幕，聚焦“科技创新，绿色发展” （嘉玛） 每经10点丨国家卫健委：昨日新增新冠肺炎本土确诊病例37例
4716422029118101,2021-12-20 10:08:21,25,15,13,【N禾迈触发临停】今日，#A股最贵新股禾迈股份登陆科创板#，N禾迈盘中走强，拉升涨近48%，较开盘涨幅达30%触发临停。目前股价报824元，换手率近41%，成交额25.8亿元。此前，#约1302个网上投资者弃购禾迈股份#。（每经，希隆） 
4716420791273520,2021-12-20 10:03:26,6,2,2,【#跨境理财通落地两月#，内地投资者加仓基金产品！部分理财公司首次披露产品信息，最短封闭期一年】#每经头条# 备受关注的粤港澳大湾区“跨境理财通”业务试点落地，距今已过去两个月。跨境理财通是内地资本账户开放的又一重大发展，也是进一步推进粤港澳大湾区金融市场互联互通和提升跨境金融服务水平的关键举措。中国人民银行广州分行数据显示，截至12月15日24时，南向通净流出8026.08万元，北向通净流入已达14972.14万元。截至10月19日，内地共21家银行报备试点银行，香港合作行有20家，澳门合作行有8家。记者分析“跨境理财通”落地后6周的投资持仓产品情况时注意到，北向通和南向通下，个人投资者持仓产品倾向发生了一些有意思的变化。南向通下，内地投资者对存款的投资占比从第1周的76.24%下降至第6周的49.57%，第6周投资基金持仓占比50.43%，首次高于存款占比。除整体情况外，各家中资银行、外资银行、理财公司等金融机构的业务运行情况也引人瞩目。记者注意到，市面上关于跨境理财通的产品公布较少，不过，部分理财公司向记者独家透露了跨境理财通上架的产品情况，最短封闭期约1年；也有银行上架了数百只公募理财产品。（每经，希隆）跨境理财通落地两月，内地投资者加仓基金产品！部分理财公司首次披露产品信息，最短封闭期一年 跨境理财通落地两月，内地投资者加仓基金产品！
4716419989638095,2021-12-20 10:00:15,15,3,2,【#陕西连夜召开视频会部署疫情防控工作#！省委书记：把疫情扩散蔓延势头遏制住】#陕西新增24例本土确诊# 12月19日，陕西省委、省政府在西安市疫情防控指挥部连夜召开视频会议部署疫情防控工作。省委书记刘国中出席会议并讲话。他强调，紧锣密鼓、昼夜兼程做好疫情防控工作，以最快速度、最大力度把疫情扩散蔓延势头遏制住。刘国中指出，当前我省疫情正处在快速变化阶段，防控工作刻不容缓。要把坚决防止疫情外溢作为底线要求，对重点区域严格实施封闭管控，对划定的中高风险区要管控到位，该硬隔离的果断实施硬隔离措施，该控制的重点人员严格落实管控措施，非必要不离开西安，同时要加强跨市区协查，最大限度降低疫情扩散风险。要抓紧推进全面筛查，统筹各方力量，加强组织调度，压茬推进核酸采样、检测，确保西安市24小时内完成新一轮全员检测，尽快把底数摸清。对筛查出的阳性人员，要快速组织流调，加强“三公”联动，及时锁定风险人员。（陕西日报，希隆）
